Chile,CP038533
Chile,CP038483
Chile,CP038532
Chile,CP038529
Chile,CP041510
Chile,CP038531
Chile,CP041507
Chile,CP038472
Chile,CP038475
Chile,CP038530
Chile,CP038518
Chile,CP038482
Chile,CP038478
Chile,CP038477
Chile,CP038473
Chile,CP038474
Chile,CP041509
France,CP041454
France,CP041461
France,CP041457
France,CP041456
France,CP041460
France,CP041459
France,CP041458
France,CP041465
France,CP041455
Greece,CP038541
Greece,CP038549
Greece,CP038544
Greece,CP038543
Greece,CP038540
Greece,CP038550
Greece,CP038542
Greece,CP038548
Greece,CP038545
Greece,CP038546
Honduras,CP038576
Honduras,CP038562
Honduras,CP038564
Honduras,CP038561
Honduras,CP038565
Honduras,CP038573
Honduras,CP038563
Honduras,CP038572
Honduras,CP038567
Honduras,CP038569
Italy,CP041488
Italy,CP041484
Italy,CP041480
Italy,CP041481
Italy,CP041483
Italy,CP041485
Italy,CP041479
Italy,CP041482
Italy,CP041486
Italy,CP041487
Latvia,CP038685
Latvia,CP038681
Latvia,CP038692
Latvia,CP038679
Latvia,CP038684
Latvia,CP038689
Latvia,CP038683
Latvia,CP038680
Latvia,CP038678
Latvia,CP038682
Lithuania,CP038698
Lithuania,CP038702
Lithuania,CP038701
Lithuania,CP038699
Lithuania,CP038707
Lithuania,CP038704
Lithuania,CP038703
Lithuania,CP038710
Lithuania,CP038708
Lithuania,CP038700
Malaysia,CP038720
Malaysia,CP038730
Malaysia,CP038723
Malaysia,CP038729
Malaysia,CP038721
Malaysia,CP038719
Malaysia,CP038718
Malaysia,CP038724
Malaysia,CP038717
Malaysia,CP038722
Mexico,CP038737
Mexico,CP038738
Mexico,CP038740
Mexico,CP038741
Mexico,CP038739
Mexico,CP038736
Mexico,CP038743
Mexico,CP038742
Mexico,CP038747
Mexico,CP038744
Peru,CP038762
Peru,CP038759
Peru,CP038758
Peru,CP038756
Peru,CP038761
Peru,CP038760
Peru,CP038766
Peru,CP038757
Peru,CP038763
Portugal,CP040478
Portugal,CP040470
Portugal,CP040475
Portugal,CP040469
Portugal,CP040473
Portugal,CP040471
Portugal,CP040477
Portugal,CP040476
Portugal,CP040472
South_Korea,CP039356
South_Korea,CP039357
South_Korea,CP039366
South_Korea,CP039407
South_Korea,CP039358
Spain,CP038777
Spain,CP038780
Spain,CP038787
Spain,CP038786
Spain,CP038779
Spain,CP038784
Spain,CP038783
Spain,CP038778
Spain,CP038781
Spain,CP038782
Sweden,CP038822
Sweden,CP039018
Sweden,CP039016
Sweden,CP039013
Sweden,CP039014
Sweden,CP039015
Sweden,CP038824
Sweden,CP038820
Sweden,CP039019
Sweden,CP039017
Switzerland,CP040489
Switzerland,CP040492
Switzerland,CP040487
Switzerland,CP040486
Switzerland,CP040484
Switzerland,CP040485
Switzerland,CP040490
Switzerland,CP040491
Switzerland,CP040488
Taiwan,CP038841
Taiwan,CP038834
Taiwan,CP038833
Taiwan,CP038843
Taiwan,CP038838
Taiwan,CP038836
Taiwan,CP038835
Taiwan,CP038837
Taiwan,CP038839
Taiwan,CP038840
